id,author,date,content,comments,shares,reactions/all,reactions/likes,reactions/love,reactions/wow,reactions/haha,reactions/sad,reactions/angry,reactions/care,is_valid,fact_checked
3521175668011004,Prefeitura de Paraty,January 21 at 10:34 PM,A Prefeitura de Paraty alerta que o nome do munic√≠pio est√° sendo criminosamente utilizado em uma not√≠cia falsa que relata supostas rea√ß√µes negativas √† vacina contra a Covid-19. Como j√° esclareceu a equipe de epidemiologia da Secretaria de Sa√∫de  a aplica√ß√£o da Coronavac n√£o oferece nenhum risco √† pessoa imunizada e a vacina tem efici√™ncia superior a 90% para prevenir casos graves. A Prefeitura de Paraty reafirma seu compromisso com a vacina  reiterando que est√£o reservados recursos para imunizar toda popula√ß√£o assim que houver doses dispon√≠veis para a compra por parte dos munic√≠pios. A Prefeitura condena de forma veemente aqueles que utilizam not√≠cias falsas para espalhar mentiras pelas redes sociais e desacreditar a vacina  colocando em risco a vida de toda a popula√ß√£o. Pedimos  por favor  que n√£o repliquem ou distribuam este conte√∫do falso. O Canal R√îMULO MARASCHIN  do Telegram  retirou essa publica√ß√£o.,177,315, 279,200,2,8,1,27,39,2,true,false
2003242103158099,Jair Messias Bolsonaro,July 7  2020 at 5:30 PM,"- Eu tomei a Hidroxicloroquina e estou me sentindo muito bem.
- Uma boa tarde a todos.",107000,149665,577000,4530000,810000,747,160000,347,31000,210000,true,false
4074390115908604,◊ë◊†◊ô ◊ë◊ü- ◊û◊ï◊ë◊ó◊® - Beni Ben Muvchar,December 23  2020 at 8:44 AM,"  To all those concerned  I got a vaccine against coronavirus yesterday. I answered the request of Clalit khllyt to say a good word and went viral :)
The full movie is before you",515,1668, 569,356,28,14,143,6,14,8,true,false
3595883120460704,Ang√©lica,January 14 at 12:23 AM,"Da s√©rie ‚Äú eu quero a vacina‚Äù üåü
Foto 1: olhar de esperan√ßa
Foto 2 : ouvindo dizer que t√° chegando a hora
Foto 3: j√° temos a vacina
Foto 4 : ouvindo algu√©m dizer que n√£o vai tomar
Foto 5: plena imaginando o grande dia.",44000,629,63000,540000,78000,85,719,12,77,117,true,false
3699732283420993,Porto Feliz T√™nis Clube,November 20  2020 at 9:55 AM,"*** Evento CANCELADO***
Por conta do momento em que estamos passando devido ao Coronav√≠rus (COVID-19)  comunicamos a todos sobre o CANCELAMENTO do evento que aconteceria nesse pr√≥ximo s√°bado  21/11/2020. Agradecemos e contamos com a compreens√£o de todos.",20,4, 45,29,8,0,6,2,0,0,true,false
2585399605016954,Melinda Gates,April 18  2019 at 8:24 PM,All three of my children are fully vaccinated. Vaccines work. And when fewer people decide to get them  we all become more vulnerable to disease. As World Immunization Week approaches  let‚Äôs listen to science  have honest conversations with each other  and act to protect our children.,3000,879,4400,37000,422,12,102,130,74,5,true,false
1639582172916510,Orlando Morando,November 13  2020 at 10:36 AM,"CUIDADO COM AS FAKE NEWS! Infelizmente  v√©spera de elei√ß√£o √© sempre esse jogo sujo. Nossos advers√°rios est√£o desesperados e come√ßaram a mentir pra tentar enganar o povo. Tem um v√≠deo de mar√ßo circulando por a√≠  pra fazer parecer que o com√©rcio da cidade vai voltar a fechar. Isso √© MENTIRA! J√° estamos na Fase Verde  os com√©rcios est√£o funcionando e assim vai continuar. Nossa popula√ß√£o colaborou muito no combate √† pandemia e agora o meu foco √© desenvolver cada vez mais a nossa Economia  gerando novas oportunidades  emprego e renda para todos. N√£o caia em fake news!
Um abra√ßo  Orlando Morando
#Orlando45 #45DeNovo #45PraContinuarAvan√ßando #orlandoprefeito #marcelovice #coligacaofor√ßaecompetenciapracuidardanossagente",728,470,1800,17000,48,4,11,2,8,7,true,false
3022387724473257,World Health Organization (WHO),March 29  2020 at 7:06 PM,FACT: Being able to hold your breath for 10 seconds or more without coughing or feeling discomfort DOES NOT mean you are free from the coronavirus disease or any other lung disease.,21000,14027,40000,390000,680,103,180,87,30,0,true,false
3010669808986590,Dilma Rousseff,May 11  2020 at 10:07 AM,"N√ÉO H√Å UMA GUERRA NO BRASIL  H√Å UM MASSACRE Fernando Brito  no Tijola√ßo Ressalve-se os que est√£o arriscando  nos hospitais e unidades de sa√∫de  os que est√£o arriscando ‚Äì e muito mais do que deveriam estar ‚Äì suas vidas na batalha desigual contra o v√≠rus.
Feito isso  diga-se que n√£o h√° uma guerra √† pandemia no Brasil  h√° o massacre de um popula√ß√£o tornada indefesa por seus l√≠deres  porque guerra pressup√µe que haja luta.
E o que h√° √© uma c√≠nica rendi√ß√£o.
√â imposs√≠vel calcular quantas dezenas de milhares morrer√£o ‚Äì j√° se foram os primeiros 10 mil ‚Äì mas √© obrigat√≥rio dizer que ser√£o muitos  demais  imensamente mais do que precisariam ser  se os governantes tivessem cumprido seu dever.
A press√£o de Jair Bolsonaro e de vagabundos insens√≠veis que formam parte do grande empresariado nacional impede  por toda a parte  que se tomem as medidas duras  mas inevit√°veis  de quarentena que ainda nos dariam alguma chance de deter o avan√ßo da doen√ßa sem que nossas defesas m√©dicas entrem  como est√£o entrando  em colapso total.
O fechamento total das √°reas avassaladas pelo cont√°gio  medida que √© praticamente a recomenda√ß√£o un√¢nime dos epidemiologistas  √© evitado com medidas c√≠nicas: faz-se um rod√≠zio de ve√≠culos -- os que t√™m carro de placa par contaminam-se em dias pares  os de √≠mpares  no dias √≠mpares ‚Äì fecham-se os centros e deixam as periferias ‚Äì onde os cont√°gios sobem mais r√°pido ‚Äì entregues √† pr√≥pria sorte e permitem-se atividades ‚Äúessenciais‚Äù como os p√°reos de corridas de cavalos que ser√£o disputados hoje [ontem] √† tarde no Jockey Club da G√°vea.
Acima de todos  o grande Sat√£ presidencial comanda uma legi√£o de monstros que  fingindo preocupa√ß√£o com a carne que queima por dinheiro  prestam-se √† hip√≥crita cantilena de dizer que ‚Äúa economia √© t√£o importante quanto a sa√∫de‚Äù  quando todos permanecem isolados  dando ordens pelo computador e com seus m√©dicos e hospitais ao alcance de um telefonema e um deslocamento de carro com motorista.
Os militares brasileiros -- contra a vontade de muitos dos seus oficiais da ativa ‚Äì viraram c√∫mplices destes colaboracionistas da morte. Como em 1964  fazem do poder uma ferramenta para que os homens do dinheiro engordem em meio a um povo que morre.",1000,323,2700,20000,24,9,120,477,24,22,true,false
3191886950844554,Abrath - Associa√ß√£o Terapeutas.,May 6  2020 at 1:34 PM,"VIBRA√á√ÉO ALTA! Imuniza o covid-19?
N√ÉO  ISSO √â FAKE NEWS. Est√£o compartilhando milhares de mensagens falando que padr√µes vibrat√≥rios altos  imunizam todos os tipos de doen√ßa e o covid-19  isso √© uma informa√ß√£o INCORRETA  ou melhor  INCOMPLETA. Uma mentira de tratamento foi compartilhada milhares de vezes  e alguem esta ganhando dinheiro enganando pessoas  ajude a combater os falsos terapeutas  compartilhe este tamb√©m. Denuncie para juridico@abrath.org.br Existem diversos estudos e relatos  e a pr√≥pria medicina hol√≠stica em todos os seus aspectos concorda com isso  que padr√µes vibrat√≥rios altos nos protegem  e isso √© verdade  s√≥ que em nosso planeta  √© imposs√≠vel manter determinados padr√µes vibrat√≥rios altos o tempo todo  principalmente para pessoas que tem fam√≠lia  trabalho  religi√£o  ou seja  tem uma vida terrestre. N√£o h√° como manter tal padr√£o vibrat√≥rio continuo 24 horas por dia. Vivemos de momentos  que podem ser altos ou baixos. O trabalho de um terapeuta √© te conduzir ao aumento de seu campo vibracional  atrav√©s das mudan√ßas em sua vida  de suas escolhas.
Entenda que deves manter uma vibra√ß√£o alta  porque queres ser uma pessoa melhor e com sa√∫de  n√£o porque estas com medo da morte ou de um v√≠rus  al√©m do que  para manter uma vibra√ß√£o alta  depende exclusivamente de voc√™ e de t√©cnicas aplic√°veis em seu dia a dia e de aspectos comportamentais em sua alimenta√ß√£o e na sua higiene f√≠sica  emocional e mental  tudo assessorado por um terapeuta.
Quando for se consultar com algum terapeuta  tome alguns cuidados  verifique se tem registro profissional  verifique na entidade se de fato a entidade existe e se o terapeuta √© de fato registrado  veja se tem telefones e m√≠dias sociais confi√°veis para contato  se for pagar  use pagamentos com seguro  como pagseguro  paypal  mercado pago  procure entrar em grupos e verificar com clientes se foram bem atendidos.
Se um terapeuta ou qualquer pessoa falar que imuniza  trata  ou impede o v√≠rus do covid-19  procure a Abrath e denuncie  temos um departamento jur√≠dico que age contra terapeutas filiados ou n√£o filiados extra e juridicamente.
A Abrath protege os seus terapeutas filiados e os clientes tamb√©m  por isso  tratar-se com um terapeuta filiado a Abrath √© caminho para credibilidade.
Completamos 13 anos de experi√™ncia e mais de 6 mil terapeutas filiados.
Nosso trabalho n√£o √© pela regulamenta√ß√£o da profiss√£o  mas sim pela capacita√ß√£o dos terapeutas perante a sociedade e √≥rg√£os de fiscaliza√ß√£o atrav√©s da auto-regulamenta√ß√£o  que √© fundamental para uma futura regulamenta√ß√£o  ainda muito longe de ser alcan√ßada. Quer saber se um terapeuta possui o registro profissional CRTH-BR da Abrath:
https://www.abrath.org.br/localizar-filiados.php Quer fazer um anuncio de gra√ßa e ser localizado pelos seus futuros clientes:
https://painel.brasilterapias.com.br/cadastro/ Quer ter seu pr√≥prio prontu√°rio hol√≠stico e emitir contrato  recibo  atestado ...
https://prontuario.abrath.com.br/ Quer se filiar a Abrath? www.abrath.org.br",1,24, 32,23,7,0,0,0,1,1,true,false
3176629509123947,,,,0,0,0,0,0,0,0,0,0,0,false,false
2871694432960141,SBI - Sociedade Brasileira de Infectologia,June 30  2020 at 3:11 PM,IMPORTANTE || A avalia√ß√£o do uso de qualquer medicamento fora de sua indica√ß√£o aprovada deve ser uma decis√£o individual do m√©dico  compartilhando os poss√≠veis benef√≠cios e riscos com o paciente. Por√©m √© vedada a publicidade sobre tal conduta. Por conta de publica√ß√µes recentes em redes sociais  a SBI emite comunicado de n√∫mero 15 sobre a pandemia de COVID-19  sobre o uso de medicamentos. Para ler  acesse o link. | https://bit.ly/3g5p6sO,26,251, 196,187,8,0,1,0,0,0,true,false
2621778074758107,Dr. Denis Mukwege,March 25  2020 at 10:15 AM,Please watch my call by for citizen vigilance and collective mobilization in the face of the Coronavirus pandemic. Veuillez suivre mon appel √† la vigilance citoyenne et √† la mobilisation collective face √† la pand√©mie de Coronavirus. https://www.youtube.com/watch?v=GVPLU6Usofg&feature=youtu.be,28,92, 436,383,48,2,1,0,0,2,true,false
2632318857037362,Dr. Denis Mukwege,April 6  2020 at 12:42 PM,"""Ces temps d√©sesp√©r√©s exigent un leadership audacieux et d√©termin√©. Le d√©fi commun que repr√©sente le coronavirus nous rappelle  comme jamais auparavant  √† quel point nous d√©pendons les uns des autres. Nous traversons une crise sanitaire sans pr√©c√©dent. Si elle peut tous nous affecter  elle expose les plus vuln√©rables √† de nombreux risques suppl√©mentaires. En raison des in√©galit√©s de genre  si profond√©ment ancr√©es  les filles et les femmes vont vivre cette pand√©mie de fa√ßon diff√©rente. Nous  membres des Conseils consultatifs √† l‚Äô√©galit√© de genre du G7 2018 et 2019  appelons imm√©diatement les Etats membres √† une action urgente et conjointe visant √† accompagner les filles et les femmes de fa√ßon √† emp√™cher la d√©gradation de l‚Äô√©galit√© et le recul de leurs droits dans le monde."" https://www.liberation.fr/debats/2020/04/04/la-question-du-genre-au-coeur-de-la-crise-sanitaire_1784071 ""Desperate times require bold and determined leadership. The COVID-19 virus represents a common challenge to the whole world and  like never before  reminds us of our interdependence. We are experiencing an unprecedented health crisis that can now affect anyone and exposes the most vulnerable to additional risks. Because of deep-rooted gender inequality  girls and women worldwide will also experience the COVID-19 pandemic differently. We  members of the 2018 and 2019 G7 Gender Equality Advisory Councils 
urgently call on G7 member states for joint emergency action to respond to the particular challenges facing women and to prevent the deterioration of gender equality and women‚Äôs rights worldwide.""",14,49, 374,327,46,1,0,0,0,0,true,false
2637248573211057,Dr. Denis Mukwege,April 12  2020 at 9:36 AM,  URGENT: News Release from Dr. Mukwege on South Kivu's Coronavirus Strategy. https://www.youtube.com/watch?v=m8dePcZbrO8&feature=youtu.be&fbclid=IwAR1w0L_1N-OfUOlAoHANYASo80stFLz-2poE9D7O3feVCjl59GSwsF-o5sg,19,44, 287,260,25,1,0,0,1,0,true,false
251099672649400,Fernando Suassuna Alergologista,June 3  2020 at 11:25 AM,Bom dia! Ligue e agende a sua consulta.,0,0,4,4,0,0,0,0,0,0,true,false
3062143997239533,Hospital S√£o Jos√© do Ava√≠,May 13  2020 at 6:15 PM,"Celebrar sempre.
‚†Ä‚†Ä
Estamos felizes com as altas realizadas hoje (13/05)  felizes em ver pacientes que puderam dizer ""Eu venci a Covid-19"".
‚†Ä‚†Ä
Com brilho nos olhos e protagonismo  o time HSJA continua cuidando das pessoas e perpetuando suas hist√≥rias.‚†Ä
‚†Ä‚†Ä
Cuidar das pessoas  esse eÃÅ o nosso DNA.
‚†Ä‚†Ä
#hsja #hospitals√£ojos√©doava√≠ #sa√∫de #amorporvidas #compromissocomavida #paix√£oporcuidar #doa√ß√£ode√≥rg√£os #transplante",259,243,1000,849,153,0,1,0,0,55,true,false
10157510746723901,Hugo Vilela,May 11  2019,O neoliberal e o fascista,43,6,0,0,0,0,0,0,0,0,true,false
2942805002467663,Roberto Legey,May 24  2020,"FICA EM CASA !!!

Enquanto isso  o Governador e seus seguran√ßas est√£o curtindo Angra dos Reis e NEGOCIANDO MAIS DO DINHEIRO P√öBLICO.

Como √© f√°cil dominar uma POPULA√á√ÉO!",10,1082,0,0,0,0,0,0,0,0,true,true
10156932511886716,,,,0,0,0,0,0,0,0,0,0,0,false,false
100007108339191,Sorry  something went wrong.,,We are working on it and we'll get it fixed as soon as we can. ¬´ Back to Home,0,0,0,0,0,0,0,0,0,0,true,false
2228704050540696,,,,0,0,0,0,0,0,0,0,0,0,false,false
3397823206956511,Joice Hasselmann,December 15  2019 at 1:26 AM,"Gentemmmm!
Os malucos est√£o circulando v√≠deo meu em que dan√ßo com @jdoriajr - MEU AMIGO E TODOS SABEM - como se fosse um crime ou algo pol√≠tico nisso.
.
Jo√£o √© meu amigo  hoje foi sua festa de anivers√°rio e apesar de estarmos em partidos diferentes e termos algumas posi√ß√µes diferentes  conseguimos conviver com CIVILIDADE. Os doidinhos deviam tentar  pode ser bom para sa√∫de mental!
E se algu√©m n√£o viu e t√° curioso  espie üôÑüôÑüôÑ.
.
P.s: Sou pre-candidata do PSL √† prefeitura. Jo√£o tem outro candidato.
.
Como √© poss√≠vel conviver bem? COM EQUIL√çBRIO  SABENDO DISCORDAR COM RESPEITO AO OUTRO!",31000,398,3900,28000,303,37,679,12,113,0,true,false
551507821869260,J Marlen Funez,Dec 10  2017,,0,0,0,0,0,0,0,0,0,0,true,false
10158080782672192,Olavo de Carvalho,April 7  2020 at 10:31 PM,√â o fim da picada. Eu nem sabia da exist√™ncia desse grupo  com o qual  √© claro  n√£o tenho nenhum contato. Praticamente TUDO o que essa midia porca escreve a meu respeito √© MENTIRA GROSSA. ,0,51,1300,11000,5,12,197,2,23,0,true,false
2674940109280563,Wilian Tonezi,Jan 28  2020,,0,0,0,0,0,0,0,0,0,0,true,false
1842781792537465,Jair Messias Bolsonaro,March 30  2020 at 11:01 PM,"- Algo mudou na OMS?
- Agora se preocupam com os informais?
- Jair Bolsonaro sempre esteve certo? . Link no youtube: https://youtu.be/VKF75XUP0AE",24000,77329,165000,1490000,130000,741,20000,80,434,1,true,false
2655674504667300,Conselho Regional de Farm√°cia do Estado do Paran√°,January 29  2020 at 6:00 PM,Fique atento √†s fake news: ch√° de erva-doce n√£o trata gripe nem infec√ß√£o por coronav√≠rus. #Orienta√ß√£oAoFarmac√™utico D√∫vidas sobre medicamentos? Entre em contato com o CIM/CRF-PR: https://goo.gl/TSCD54,4,171, 173,168,5,0,0,0,0,0,true,false
