,url,error
0,,HTTP Error 400: Bad Request
1,,HTTP Error 400: Bad Request
2,,HTTP Error 400: Bad Request
3,,HTTP Error 400: Bad Request
4,,HTTP Error 400: Bad Request
5,,HTTP Error 400: Bad Request
6,,HTTP Error 400: Bad Request
7,,HTTP Error 400: Bad Request
8,,HTTP Error 400: Bad Request
9,,HTTP Error 400: Bad Request
10,,HTTP Error 400: Bad Request
11,,HTTP Error 400: Bad Request
12,,HTTP Error 400: Bad Request
13,,HTTP Error 400: Bad Request
14,,HTTP Error 400: Bad Request
15,,HTTP Error 400: Bad Request
16,,HTTP Error 400: Bad Request
17,,HTTP Error 400: Bad Request
18,,HTTP Error 400: Bad Request
19,,HTTP Error 400: Bad Request
20,,HTTP Error 400: Bad Request
21,,HTTP Error 400: Bad Request
22,,HTTP Error 400: Bad Request
23,,HTTP Error 400: Bad Request
24,,HTTP Error 400: Bad Request
25,,HTTP Error 400: Bad Request
26,,HTTP Error 400: Bad Request
27,,HTTP Error 400: Bad Request
28,,HTTP Error 400: Bad Request
29,,HTTP Error 400: Bad Request
30,,HTTP Error 400: Bad Request
31,,HTTP Error 400: Bad Request
32,,HTTP Error 400: Bad Request
33,,HTTP Error 400: Bad Request
34,,HTTP Error 400: Bad Request
35,,HTTP Error 400: Bad Request
36,,HTTP Error 400: Bad Request
37,,HTTP Error 400: Bad Request
38,,HTTP Error 400: Bad Request
39,,HTTP Error 400: Bad Request
40,,HTTP Error 400: Bad Request
41,,HTTP Error 400: Bad Request
42,,HTTP Error 400: Bad Request
43,,HTTP Error 400: Bad Request
44,,HTTP Error 400: Bad Request
45,,HTTP Error 400: Bad Request
46,,HTTP Error 400: Bad Request
47,,HTTP Error 400: Bad Request
48,,HTTP Error 400: Bad Request
49,,HTTP Error 400: Bad Request
50,,HTTP Error 400: Bad Request
51,,HTTP Error 400: Bad Request
52,,HTTP Error 400: Bad Request
53,,HTTP Error 400: Bad Request
54,,HTTP Error 400: Bad Request
55,,HTTP Error 400: Bad Request
56,,HTTP Error 400: Bad Request
57,,HTTP Error 400: Bad Request
58,,HTTP Error 400: Bad Request
59,,HTTP Error 400: Bad Request
60,,HTTP Error 400: Bad Request
61,,HTTP Error 400: Bad Request
62,,HTTP Error 400: Bad Request
63,,HTTP Error 400: Bad Request
64,,HTTP Error 400: Bad Request
65,,HTTP Error 400: Bad Request
66,,HTTP Error 400: Bad Request
67,,HTTP Error 400: Bad Request
68,,HTTP Error 400: Bad Request
69,,HTTP Error 400: Bad Request
70,,HTTP Error 400: Bad Request
71,,HTTP Error 400: Bad Request
72,,HTTP Error 400: Bad Request
73,,HTTP Error 400: Bad Request
74,,HTTP Error 400: Bad Request
75,,HTTP Error 400: Bad Request
76,,HTTP Error 400: Bad Request
77,,HTTP Error 400: Bad Request
78,,HTTP Error 400: Bad Request
79,,HTTP Error 400: Bad Request
80,,HTTP Error 400: Bad Request
81,,HTTP Error 400: Bad Request
82,,HTTP Error 400: Bad Request
83,,HTTP Error 400: Bad Request
84,,HTTP Error 400: Bad Request
85,,HTTP Error 400: Bad Request
86,,HTTP Error 400: Bad Request
87,,HTTP Error 400: Bad Request
88,,HTTP Error 400: Bad Request
89,,HTTP Error 400: Bad Request
90,,HTTP Error 400: Bad Request
91,,HTTP Error 400: Bad Request
92,,HTTP Error 400: Bad Request
93,,HTTP Error 400: Bad Request
94,,HTTP Error 400: Bad Request
95,,HTTP Error 400: Bad Request
96,,HTTP Error 400: Bad Request
97,,HTTP Error 400: Bad Request
98,,HTTP Error 400: Bad Request
99,,HTTP Error 400: Bad Request
100,,HTTP Error 400: Bad Request
101,,HTTP Error 400: Bad Request
102,,HTTP Error 400: Bad Request
103,,HTTP Error 400: Bad Request
